<resources>
    <color name="md_theme_primary">#006879</color>
    <color name="md_theme_onPrimary">#FFFFFF</color>
    <color name="md_theme_primaryContainer">#AAEDFF</color>
    <color name="md_theme_onPrimaryContainer">#001F26</color>
    <color name="md_theme_secondary">#4B6269</color>
    <color name="md_theme_onSecondary">#FFFFFF</color>
    <color name="md_theme_secondaryContainer">#CEE7EE</color>
    <color name="md_theme_onSecondaryContainer">#061F24</color>
    <color name="md_theme_tertiary">#565D7E</color>
    <color name="md_theme_onTertiary">#FFFFFF</color>
    <color name="md_theme_tertiaryContainer">#DDE1FF</color>
    <color name="md_theme_onTertiaryContainer">#121A37</color>
    <color name="md_theme_error">#BA1A1A</color>
    <color name="md_theme_onError">#FFFFFF</color>
    <color name="md_theme_errorContainer">#FFDAD6</color>
    <color name="md_theme_onErrorContainer">#410002</color>
    <color name="md_theme_background">#F5FAFC</color>
    <color name="md_theme_onBackground">#171C1E</color>
    <color name="md_theme_surface">#F5FAFC</color>
    <color name="md_theme_onSurface">#171C1E</color>
    <color name="md_theme_surfaceVariant">#DBE4E7</color>
    <color name="md_theme_onSurfaceVariant">#3F484B</color>
    <color name="md_theme_outline">#70797B</color>
    <color name="md_theme_outlineVariant">#BFC8CB</color>
    <color name="md_theme_scrim">#000000</color>
    <color name="md_theme_inverseSurface">#2B3133</color>
    <color name="md_theme_inverseOnSurface">#ECF2F4</color>
    <color name="md_theme_inversePrimary">#84D2E6</color>
    <color name="md_theme_primaryFixed">#AAEDFF</color>
    <color name="md_theme_onPrimaryFixed">#001F26</color>
    <color name="md_theme_primaryFixedDim">#84D2E6</color>
    <color name="md_theme_onPrimaryFixedVariant">#004E5C</color>
    <color name="md_theme_secondaryFixed">#CEE7EE</color>
    <color name="md_theme_onSecondaryFixed">#061F24</color>
    <color name="md_theme_secondaryFixedDim">#B2CBD2</color>
    <color name="md_theme_onSecondaryFixedVariant">#334A50</color>
    <color name="md_theme_tertiaryFixed">#DDE1FF</color>
    <color name="md_theme_onTertiaryFixed">#121A37</color>
    <color name="md_theme_tertiaryFixedDim">#BEC5EB</color>
    <color name="md_theme_onTertiaryFixedVariant">#3E4565</color>
    <color name="md_theme_surfaceDim">#D5DBDD</color>
    <color name="md_theme_surfaceBright">#F5FAFC</color>
    <color name="md_theme_surfaceContainerLowest">#FFFFFF</color>
    <color name="md_theme_surfaceContainerLow">#EFF4F6</color>
    <color name="md_theme_surfaceContainer">#E9EFF1</color>
    <color name="md_theme_surfaceContainerHigh">#E4E9EB</color>
    <color name="md_theme_surfaceContainerHighest">#DEE3E5</color>
    <color name="md_theme_primary_mediumContrast">#004A57</color>
    <color name="md_theme_onPrimary_mediumContrast">#FFFFFF</color>
    <color name="md_theme_primaryContainer_mediumContrast">#297F91</color>
    <color name="md_theme_onPrimaryContainer_mediumContrast">#FFFFFF</color>
    <color name="md_theme_secondary_mediumContrast">#2F464C</color>
    <color name="md_theme_onSecondary_mediumContrast">#FFFFFF</color>
    <color name="md_theme_secondaryContainer_mediumContrast">#61787F</color>
    <color name="md_theme_onSecondaryContainer_mediumContrast">#FFFFFF</color>
    <color name="md_theme_tertiary_mediumContrast">#3A4161</color>
    <color name="md_theme_onTertiary_mediumContrast">#FFFFFF</color>
    <color name="md_theme_tertiaryContainer_mediumContrast">#6C7395</color>
    <color name="md_theme_onTertiaryContainer_mediumContrast">#FFFFFF</color>
    <color name="md_theme_error_mediumContrast">#8C0009</color>
    <color name="md_theme_onError_mediumContrast">#FFFFFF</color>
    <color name="md_theme_errorContainer_mediumContrast">#DA342E</color>
    <color name="md_theme_onErrorContainer_mediumContrast">#FFFFFF</color>
    <color name="md_theme_background_mediumContrast">#F5FAFC</color>
    <color name="md_theme_onBackground_mediumContrast">#171C1E</color>
    <color name="md_theme_surface_mediumContrast">#F5FAFC</color>
    <color name="md_theme_onSurface_mediumContrast">#171C1E</color>
    <color name="md_theme_surfaceVariant_mediumContrast">#DBE4E7</color>
    <color name="md_theme_onSurfaceVariant_mediumContrast">#3B4447</color>
    <color name="md_theme_outline_mediumContrast">#586163</color>
    <color name="md_theme_outlineVariant_mediumContrast">#737C7F</color>
    <color name="md_theme_scrim_mediumContrast">#000000</color>
    <color name="md_theme_inverseSurface_mediumContrast">#2B3133</color>
    <color name="md_theme_inverseOnSurface_mediumContrast">#ECF2F4</color>
    <color name="md_theme_inversePrimary_mediumContrast">#84D2E6</color>
    <color name="md_theme_primaryFixed_mediumContrast">#297F91</color>
    <color name="md_theme_onPrimaryFixed_mediumContrast">#FFFFFF</color>
    <color name="md_theme_primaryFixedDim_mediumContrast">#006576</color>
    <color name="md_theme_onPrimaryFixedVariant_mediumContrast">#FFFFFF</color>
    <color name="md_theme_secondaryFixed_mediumContrast">#61787F</color>
    <color name="md_theme_onSecondaryFixed_mediumContrast">#FFFFFF</color>
    <color name="md_theme_secondaryFixedDim_mediumContrast">#486066</color>
    <color name="md_theme_onSecondaryFixedVariant_mediumContrast">#FFFFFF</color>
    <color name="md_theme_tertiaryFixed_mediumContrast">#6C7395</color>
    <color name="md_theme_onTertiaryFixed_mediumContrast">#FFFFFF</color>
    <color name="md_theme_tertiaryFixedDim_mediumContrast">#535A7B</color>
    <color name="md_theme_onTertiaryFixedVariant_mediumContrast">#FFFFFF</color>
    <color name="md_theme_surfaceDim_mediumContrast">#D5DBDD</color>
    <color name="md_theme_surfaceBright_mediumContrast">#F5FAFC</color>
    <color name="md_theme_surfaceContainerLowest_mediumContrast">#FFFFFF</color>
    <color name="md_theme_surfaceContainerLow_mediumContrast">#EFF4F6</color>
    <color name="md_theme_surfaceContainer_mediumContrast">#E9EFF1</color>
    <color name="md_theme_surfaceContainerHigh_mediumContrast">#E4E9EB</color>
    <color name="md_theme_surfaceContainerHighest_mediumContrast">#DEE3E5</color>
    <color name="md_theme_primary_highContrast">#00262E</color>
    <color name="md_theme_onPrimary_highContrast">#FFFFFF</color>
    <color name="md_theme_primaryContainer_highContrast">#004A57</color>
    <color name="md_theme_onPrimaryContainer_highContrast">#FFFFFF</color>
    <color name="md_theme_secondary_highContrast">#0D252B</color>
    <color name="md_theme_onSecondary_highContrast">#FFFFFF</color>
    <color name="md_theme_secondaryContainer_highContrast">#2F464C</color>
    <color name="md_theme_onSecondaryContainer_highContrast">#FFFFFF</color>
    <color name="md_theme_tertiary_highContrast">#19203E</color>
    <color name="md_theme_onTertiary_highContrast">#FFFFFF</color>
    <color name="md_theme_tertiaryContainer_highContrast">#3A4161</color>
    <color name="md_theme_onTertiaryContainer_highContrast">#FFFFFF</color>
    <color name="md_theme_error_highContrast">#4E0002</color>
    <color name="md_theme_onError_highContrast">#FFFFFF</color>
    <color name="md_theme_errorContainer_highContrast">#8C0009</color>
    <color name="md_theme_onErrorContainer_highContrast">#FFFFFF</color>
    <color name="md_theme_background_highContrast">#F5FAFC</color>
    <color name="md_theme_onBackground_highContrast">#171C1E</color>
    <color name="md_theme_surface_highContrast">#F5FAFC</color>
    <color name="md_theme_onSurface_highContrast">#000000</color>
    <color name="md_theme_surfaceVariant_highContrast">#DBE4E7</color>
    <color name="md_theme_onSurfaceVariant_highContrast">#1D2528</color>
    <color name="md_theme_outline_highContrast">#3B4447</color>
    <color name="md_theme_outlineVariant_highContrast">#3B4447</color>
    <color name="md_theme_scrim_highContrast">#000000</color>
    <color name="md_theme_inverseSurface_highContrast">#2B3133</color>
    <color name="md_theme_inverseOnSurface_highContrast">#FFFFFF</color>
    <color name="md_theme_inversePrimary_highContrast">#C9F3FF</color>
    <color name="md_theme_primaryFixed_highContrast">#004A57</color>
    <color name="md_theme_onPrimaryFixed_highContrast">#FFFFFF</color>
    <color name="md_theme_primaryFixedDim_highContrast">#00323B</color>
    <color name="md_theme_onPrimaryFixedVariant_highContrast">#FFFFFF</color>
    <color name="md_theme_secondaryFixed_highContrast">#2F464C</color>
    <color name="md_theme_onSecondaryFixed_highContrast">#FFFFFF</color>
    <color name="md_theme_secondaryFixedDim_highContrast">#193036</color>
    <color name="md_theme_onSecondaryFixedVariant_highContrast">#FFFFFF</color>
    <color name="md_theme_tertiaryFixed_highContrast">#3A4161</color>
    <color name="md_theme_onTertiaryFixed_highContrast">#FFFFFF</color>
    <color name="md_theme_tertiaryFixedDim_highContrast">#242B49</color>
    <color name="md_theme_onTertiaryFixedVariant_highContrast">#FFFFFF</color>
    <color name="md_theme_surfaceDim_highContrast">#D5DBDD</color>
    <color name="md_theme_surfaceBright_highContrast">#F5FAFC</color>
    <color name="md_theme_surfaceContainerLowest_highContrast">#FFFFFF</color>
    <color name="md_theme_surfaceContainerLow_highContrast">#EFF4F6</color>
    <color name="md_theme_surfaceContainer_highContrast">#E9EFF1</color>
    <color name="md_theme_surfaceContainerHigh_highContrast">#E4E9EB</color>
    <color name="md_theme_surfaceContainerHighest_highContrast">#DEE3E5</color>
</resources>
